provider_code,type1_attendances,type1_under_4h,type1_over_4h,emergency_admissions_via_ae,decision_to_admit_over_4h,decision_to_admit_over_12h,months_reported,provider_name,region,type1_four_hour_pct,performance_band,twelve_hour_waits_per_1000_ae_admissions
R0A,151141.0,95109.0,56032.0,30182.0,15412.0,468.0,5,Manchester University NHS Foundation Trust,NHS England North West,62.92733275550645,Upper Middle Quartile,15.505930687164534
R0B,61760.0,39005.0,22755.0,23940.0,1001.0,2.0,5,South Tyneside And Sunderland NHS Foundation Trust,NHS England North East And Yorkshire,63.15576424870466,Upper Middle Quartile,0.0835421888053467
R0D,80236.0,49709.0,30527.0,21430.0,6965.0,1890.0,5,University Hospitals Dorset NHS Foundation Trust,NHS England South West,61.95348721272247,Upper Middle Quartile,88.19412039197387
R1F,22386.0,15218.0,7168.0,7193.0,2287.0,948.0,5,Isle Of Wight NHS Trust,NHS England South East,67.97998749218262,Top Quartile,131.7948005004866
R1H,131882.0,81096.0,50786.0,20918.0,10968.0,5788.0,5,Barts Health NHS Trust,NHS England London,61.49133316146252,Upper Middle Quartile,276.6994932593938
R1K,70707.0,38220.0,32487.0,32396.0,5639.0,2549.0,5,London North West University Healthcare NHS Trust,NHS England London,54.054054054054056,Bottom Quartile,78.68255340165453
RA2,38636.0,25974.0,12662.0,11921.0,2125.0,61.0,5,Royal Surrey NHS Foundation Trust,NHS England South East,67.22745625841185,Top Quartile,5.117020384195957
RA7,99591.0,67193.0,32398.0,31468.0,7814.0,2318.0,5,Bristol NHS Foundation Trust,NHS England South West,67.46894799730899,Top Quartile,73.66213296046777
RA9,35703.0,17044.0,18659.0,8273.0,2304.0,704.0,5,Torbay And South Devon NHS Foundation Trust,NHS England South West,47.73828529815422,Bottom Quartile,85.0960957331077
RAE,46143.0,33681.0,12462.0,12907.0,4015.0,753.0,5,Bradford Teaching Hospitals NHS Foundation Trust,NHS England North East And Yorkshire,72.99265327351928,Top Quartile,58.340435422638876
RAJ,139687.0,90861.0,48826.0,45298.0,14944.0,5406.0,5,Mid And South Essex NHS Foundation Trust,NHS England East Of England,65.04613886761116,Upper Middle Quartile,119.34301735175946
RAL,134353.0,95419.0,38934.0,32692.0,13676.0,9377.0,5,Royal Free London NHS Foundation Trust,NHS England London,71.0211160152732,Top Quartile,286.8285819160651
RAS,27828.0,16141.0,11687.0,8962.0,2338.0,113.0,5,The Hillingdon Hospitals NHS Foundation Trust,NHS England London,58.00273106223947,Lower Middle Quartile,12.608792680205312
RAX,35851.0,17806.0,18045.0,14973.0,3538.0,2109.0,5,Kingston And Richmond NHS Foundation Trust,NHS England London,49.66667596440824,Bottom Quartile,140.8535363654578
RBD,27230.0,15482.0,11748.0,10092.0,1356.0,255.0,5,Dorset County Hospital NHS Foundation Trust,NHS England South West,56.85640837311789,Lower Middle Quartile,25.267538644470868
RBK,49794.0,36801.0,12993.0,21969.0,5627.0,755.0,5,Walsall Healthcare NHS Trust,NHS England Midlands,73.90649475840463,Top Quartile,34.36660749237562
RBL,41233.0,19495.0,21738.0,11241.0,5693.0,3319.0,5,Wirral University Teaching Hospital NHS Foundation Trust,NHS England North West,47.28009118909611,Bottom Quartile,295.25842896539456
RBN,89288.0,55781.0,33507.0,40460.0,4982.0,2306.0,5,Mersey And West Lancashire Teaching Hospitals NHS Trust,NHS England North West,62.473120688110384,Upper Middle Quartile,56.99456253089471
RBS,29050.0,24986.0,4064.0,4182.0,3.0,0.0,5,Alder Hey Children's NHS Foundation Trust,NHS England North West,86.01032702237522,Top Quartile,0.0
RBT,36284.0,18043.0,18241.0,12589.0,5077.0,2994.0,5,Mid Cheshire Hospitals NHS Foundation Trust,NHS England North West,49.72715246389593,Bottom Quartile,237.8266740805465
RC9,91456.0,57723.0,33733.0,25874.0,588.0,181.0,5,Bedfordshire Hospitals NHS Foundation Trust,NHS England East Of England,63.11559657102869,Upper Middle Quartile,6.995439437272938
RCB,63383.0,33546.0,29837.0,20007.0,2943.0,951.0,5,York And Scarborough Teaching Hospitals NHS Foundation Trust,NHS England North East And Yorkshire,52.92586340185854,Bottom Quartile,47.533363322837005
RCD,27810.0,18256.0,9554.0,5890.0,626.0,38.0,5,Harrogate And District NHS Foundation Trust,NHS England North East And Yorkshire,65.64545127651924,Upper Middle Quartile,6.451612903225806
RCF,33360.0,19579.0,13781.0,7248.0,3433.0,1285.0,5,Airedale NHS Foundation Trust,NHS England North East And Yorkshire,58.6900479616307,Lower Middle Quartile,177.29028697571744
RCU,23663.0,21922.0,1741.0,4583.0,43.0,0.0,5,Sheffield Children's NHS Foundation Trust,NHS England North East And Yorkshire,92.64252208088577,Top Quartile,0.0
RCX,34583.0,19709.0,14874.0,9485.0,4355.0,742.0,5,"The Queen Elizabeth Hospital, King's Lynn, NHS Foundation Trust",NHS England East Of England,56.99042882341035,Lower Middle Quartile,78.22878228782288
RD1,45565.0,26189.0,19376.0,14099.0,5197.0,709.0,5,Royal United Hospitals Bath NHS Foundation Trust,NHS England South West,57.47613299681773,Lower Middle Quartile,50.28725441520675
RD8,46350.0,23907.0,22443.0,12014.0,4064.0,0.0,5,Milton Keynes University Hospital NHS Foundation Trust,NHS England East Of England,51.579288025889966,Bottom Quartile,0.0
RDE,59975.0,35270.0,24705.0,25583.0,6138.0,2662.0,5,East Suffolk And North Essex NHS Foundation Trust,NHS England East Of England,58.807836598582746,Lower Middle Quartile,104.05347300942032
RDU,115168.0,70942.0,44226.0,31864.0,8507.0,3097.0,5,Frimley Health NHS Foundation Trust,NHS England South East,61.598707974437346,Upper Middle Quartile,97.1943258850113
REF,37820.0,16744.0,21076.0,13202.0,6017.0,2998.0,5,Royal Cornwall Hospitals NHS Trust,NHS England South West,44.272871496562665,Bottom Quartile,227.08680502954098
REM,86192.0,44261.0,41931.0,25789.0,10053.0,5865.0,5,Liverpool University Hospitals NHS Foundation Trust,NHS England North West,51.35163356227956,Bottom Quartile,227.42254449571521
RF4,68595.0,41080.0,27515.0,18514.0,5705.0,3023.0,5,"Barking, Havering And Redbridge University Hospitals NHS Trust",NHS England London,59.88774692032947,Lower Middle Quartile,163.28184076914766
RFF,49027.0,37826.0,11201.0,16860.0,1977.0,96.0,5,Barnsley Hospital NHS Foundation Trust,NHS England North East And Yorkshire,77.15340526648582,Top Quartile,5.693950177935943
RFR,49531.0,34899.0,14632.0,10137.0,2931.0,24.0,5,The Rotherham NHS Foundation Trust,NHS England North East And Yorkshire,70.45890452443923,Top Quartile,2.367564368156259
RFS,35323.0,17677.0,17646.0,10648.0,4418.0,954.0,5,Chesterfield Royal Hospital NHS Foundation Trust,NHS England Midlands,50.04388075758005,Bottom Quartile,89.59429000751315
RGN,82395.0,51411.0,30984.0,19479.0,6347.0,3827.0,5,North West Anglia NHS Foundation Trust,NHS England East Of England,62.395776442745316,Upper Middle Quartile,196.46799116997792
RGP,40275.0,26088.0,14187.0,8064.0,4385.0,1664.0,5,James Paget University Hospitals NHS Foundation Trust,NHS England East Of England,64.77467411545624,Upper Middle Quartile,206.34920634920636
RGR,41537.0,29397.0,12140.0,8755.0,4133.0,1820.0,5,West Suffolk NHS Foundation Trust,NHS England East Of England,70.77304571827527,Top Quartile,207.88121073672187
RGT,59297.0,32243.0,27054.0,13928.0,4766.0,2157.0,5,Cambridge University Hospitals NHS Foundation Trust,NHS England East Of England,54.375432146651605,Bottom Quartile,154.86789201608272
RH5,61689.0,32059.0,29630.0,15759.0,2928.0,354.0,5,Somerset NHS Foundation Trust,NHS England South West,51.96874645398693,Bottom Quartile,22.463354273748333
RH8,74426.0,40737.0,33689.0,16037.0,6067.0,1212.0,5,Royal Devon University Healthcare NHS Foundation Trust,NHS England South West,54.73490446886841,Lower Middle Quartile,75.57523227536322
RHM,58791.0,39055.0,19736.0,19114.0,2396.0,67.0,5,University Hospital Southampton NHS Foundation Trust,NHS England South East,66.43023592046401,Upper Middle Quartile,3.505284084963901
RHQ,47600.0,23846.0,23754.0,15723.0,4586.0,43.0,5,Sheffield Teaching Hospitals NHS Foundation Trust,NHS England North East And Yorkshire,50.096638655462186,Bottom Quartile,2.734847039369077
RHU,65684.0,41031.0,24653.0,15876.0,9282.0,5517.0,5,Portsmouth Hospitals University NHS Trust,NHS England South East,62.467267523293344,Upper Middle Quartile,347.50566893424036
RHW,63489.0,41649.0,21840.0,11682.0,3387.0,97.0,5,Royal Berkshire NHS Foundation Trust,NHS England South East,65.60034021641545,Upper Middle Quartile,8.303372710152372
RJ1,53254.0,32624.0,20630.0,10392.0,1197.0,399.0,5,Guy's And St Thomas' NHS Foundation Trust,NHS England London,61.26112592481316,Upper Middle Quartile,38.39491916859122
RJ2,81387.0,39955.0,41432.0,22142.0,8373.0,2907.0,5,Lewisham And Greenwich NHS Trust,NHS England London,49.09260692739627,Bottom Quartile,131.28895312076597
RJ6,66741.0,41619.0,25122.0,5313.0,4433.0,3224.0,5,Croydon Health Services NHS Trust,NHS England London,62.35896974873017,Upper Middle Quartile,606.8134763786937
RJ7,47366.0,34261.0,13105.0,9551.0,4272.0,2200.0,5,St George's University Hospitals NHS Foundation Trust,NHS England London,72.33247477093273,Top Quartile,230.34237252643703
RJC,43463.0,32148.0,11315.0,9051.0,2174.0,422.0,5,South Warwickshire University NHS Foundation Trust,NHS England Midlands,73.96636219312978,Top Quartile,46.62468235554083
RJE,80804.0,39898.0,40906.0,23769.0,9323.0,3967.0,5,University Hospitals Of North Midlands NHS Trust,NHS England Midlands,49.37626850155933,Bottom Quartile,166.89806049896924
RJL,53464.0,26790.0,26674.0,26978.0,6903.0,3966.0,5,Northern Lincolnshire And Goole NHS Foundation Trust,NHS England North East And Yorkshire,50.10848421367649,Bottom Quartile,147.00867373415375
RJN,23279.0,11995.0,11284.0,4248.0,2898.0,1737.0,5,East Cheshire NHS Trust,NHS England North West,51.527127453928436,Bottom Quartile,408.89830508474574
RJR,28799.0,14997.0,13802.0,9660.0,5482.0,3206.0,5,Countess Of Chester Hospital NHS Foundation Trust,NHS England North West,52.07472481683392,Bottom Quartile,331.8840579710145
RJZ,77897.0,43466.0,34431.0,17895.0,11064.0,3535.0,5,King's College Hospital NHS Foundation Trust,NHS England London,55.7993247493485,Lower Middle Quartile,197.54121262922604
RK5,57842.0,33635.0,24207.0,18477.0,5627.0,1349.0,5,Sherwood Forest Hospitals NHS Foundation Trust,NHS England Midlands,58.14978735175132,Lower Middle Quartile,73.00968771986794
RK9,44786.0,16230.0,28556.0,14979.0,5919.0,1706.0,5,University Hospitals Plymouth NHS Trust,NHS England South West,36.2390032599473,Bottom Quartile,113.89278322985513
RKB,65349.0,39426.0,25923.0,5368.0,315.0,69.0,5,University Hospitals Coventry And Warwickshire NHS Trust,NHS England Midlands,60.3314511316164,Lower Middle Quartile,12.853949329359166
RKE,46852.0,33682.0,13170.0,6576.0,2484.0,1137.0,5,Whittington Health NHS Trust,NHS England London,71.89020746179459,Top Quartile,172.9014598540146
RL4,57196.0,37227.0,19969.0,30247.0,7058.0,3317.0,5,The Royal Wolverhampton NHS Trust,NHS England Midlands,65.08671935100357,Upper Middle Quartile,109.66376830760075
RLQ,31770.0,18436.0,13334.0,7035.0,2905.0,760.0,5,Wye Valley NHS Trust,NHS England Midlands,58.02958766131571,Lower Middle Quartile,108.03127221037668
RLT,36862.0,32028.0,4834.0,6012.0,2684.0,962.0,5,George Eliot Hospital NHS Trust,NHS England Midlands,86.886224296023,Top Quartile,160.01330671989354
RM1,68327.0,48433.0,19894.0,11935.0,4660.0,1055.0,5,Norfolk And Norwich University Hospitals NHS Foundation Trust,NHS England East Of England,70.88413072431104,Top Quartile,88.39547549224969
RM3,134819.0,86005.0,48814.0,39765.0,10059.0,5420.0,5,Northern Care Alliance NHS Foundation Trust,NHS England North West,63.792937197279315,Upper Middle Quartile,136.3007670061612
RMC,42304.0,24334.0,17970.0,12738.0,4508.0,2362.0,5,Bolton NHS Foundation Trust,NHS England North West,57.52174735249622,Lower Middle Quartile,185.4294237713927
RMP,45982.0,25212.0,20770.0,7893.0,4471.0,2583.0,5,Tameside And Glossop Integrated Care NHS Foundation Trust,NHS England North West,54.83015092862424,Lower Middle Quartile,327.2519954389966
RN3,37738.0,20099.0,17639.0,13140.0,5218.0,1809.0,5,Great Western Hospitals NHS Foundation Trust,NHS England South West,53.25931421908951,Bottom Quartile,137.67123287671234
RN5,50194.0,24115.0,26079.0,18246.0,1110.0,84.0,5,Hampshire Hospitals NHS Foundation Trust,NHS England South East,48.043590867434354,Bottom Quartile,4.603748766853009
RN7,58472.0,44165.0,14307.0,19149.0,4199.0,1758.0,5,Dartford And Gravesham NHS Trust,NHS England South East,75.53187850595157,Top Quartile,91.80636064546451
RNA,52554.0,37359.0,15195.0,17113.0,4671.0,889.0,5,The Dudley Group NHS Foundation Trust,NHS England Midlands,71.08688206416258,Top Quartile,51.94881084555601
RNN,46179.0,25407.0,20772.0,10920.0,4329.0,1577.0,5,North Cumbria Integrated Care NHS Foundation Trust,NHS England North East And Yorkshire,55.01851490937439,Lower Middle Quartile,144.41391941391942
RNQ,54469.0,34589.0,19880.0,9475.0,6069.0,3470.0,5,Kettering General Hospital NHS Foundation Trust,NHS England Midlands,63.50217554939507,Upper Middle Quartile,366.2269129287599
RNS,55896.0,36548.0,19348.0,12112.0,6424.0,4348.0,5,Northampton General Hospital NHS Trust,NHS England Midlands,65.38571633032775,Upper Middle Quartile,358.98282694848086
RNZ,25240.0,13470.0,11770.0,6306.0,2942.0,1001.0,5,Salisbury NHS Foundation Trust,NHS England South West,53.36767036450079,Bottom Quartile,158.73771011734857
RP5,71918.0,46999.0,24919.0,21923.0,7343.0,1062.0,5,Doncaster And Bassetlaw Teaching Hospitals NHS Foundation Trust,NHS England North East And Yorkshire,65.35081620734725,Upper Middle Quartile,48.44227523605346
RPA,49270.0,32158.0,17112.0,8457.0,5397.0,3971.0,5,Medway NHS Foundation Trust,NHS England South East,65.2689263243353,Upper Middle Quartile,469.55185053801586
RQ3,23042.0,19455.0,3587.0,2774.0,67.0,2.0,5,Birmingham Women's And Children's NHS Foundation Trust,NHS England Midlands,84.43277493273153,Top Quartile,0.7209805335255948
RQM,105096.0,76616.0,28480.0,14725.0,4214.0,272.0,5,Chelsea And Westminster Hospital NHS Foundation Trust,NHS England London,72.90096673517546,Top Quartile,18.471986417657046
RQW,45106.0,33216.0,11890.0,8886.0,3837.0,1274.0,5,The Princess Alexandra Hospital NHS Trust,NHS England East Of England,73.63987052720259,Top Quartile,143.37159576862481
RQX,56986.0,45769.0,11217.0,8868.0,1012.0,106.0,5,Homerton Healthcare NHS Foundation Trust,NHS England London,80.31621801846067,Top Quartile,11.953089760938205
RR7,28254.0,16946.0,11308.0,9131.0,3186.0,15.0,5,Gateshead Health NHS Foundation Trust,NHS England North East And Yorkshire,59.97734834005804,Lower Middle Quartile,1.6427554484722375
RR8,94976.0,60516.0,34460.0,18311.0,9837.0,2205.0,5,Leeds Teaching Hospitals NHS Trust,NHS England North East And Yorkshire,63.71714959568733,Upper Middle Quartile,120.41942002075255
RRF,33711.0,17673.0,16038.0,12483.0,2892.0,1055.0,5,"Wrightington, Wigan And Leigh Teaching Hospitals NHS Foundation Trust",NHS England North West,52.42502447272404,Bottom Quartile,84.51494031883361
RRK,175015.0,104406.0,70609.0,51930.0,20594.0,11467.0,5,University Hospitals Birmingham NHS Foundation Trust,NHS England Midlands,59.65545810359112,Lower Middle Quartile,220.8164837280955
RRV,70235.0,54185.0,16050.0,7497.0,2290.0,601.0,5,University College London Hospitals NHS Foundation Trust,NHS England London,77.14814551149712,Top Quartile,80.16539949313058
RTD,60351.0,34914.0,25437.0,19191.0,1971.0,57.0,5,The Newcastle Upon Tyne Hospitals NHS Foundation Trust,NHS England North East And Yorkshire,57.85156832529701,Lower Middle Quartile,2.970142254181648
RTE,72174.0,46525.0,25649.0,12749.0,3519.0,2028.0,5,Gloucestershire Hospitals NHS Foundation Trust,NHS England South West,64.46227173220274,Upper Middle Quartile,159.07129970978116
RTF,53676.0,42967.0,10709.0,22758.0,32.0,0.0,5,Northumbria Healthcare NHS Foundation Trust,NHS England North East And Yorkshire,80.04881138683956,Top Quartile,0.0
RTG,115606.0,64554.0,51052.0,20430.0,8356.0,2703.0,5,University Hospitals Of Derby And Burton NHS Foundation Trust,NHS England Midlands,55.83966230126464,Lower Middle Quartile,132.30543318649046
RTH,72613.0,53086.0,19527.0,26977.0,1781.0,34.0,5,Oxford University Hospitals NHS Foundation Trust,NHS England South East,73.10812113533389,Top Quartile,1.2603328761537607
RTK,38634.0,21324.0,17310.0,11868.0,4514.0,1992.0,5,Ashford And St Peter's Hospitals NHS Foundation Trust,NHS England South East,55.194906041310766,Lower Middle Quartile,167.84630940343783
RTP,50960.0,29155.0,21805.0,16053.0,5346.0,2768.0,5,Surrey And Sussex Healthcare NHS Trust,NHS England South East,57.21153846153846,Lower Middle Quartile,172.42882950227371
RTR,37933.0,19991.0,17942.0,13559.0,1184.0,52.0,5,South Tees Hospitals NHS Foundation Trust,NHS England North East And Yorkshire,52.700814594152845,Bottom Quartile,3.8350910834132312
RTX,46477.0,26294.0,20183.0,15737.0,6780.0,3295.0,5,University Hospitals Of Morecambe Bay NHS Foundation Trust,NHS England North West,56.57421950642253,Lower Middle Quartile,209.37917010866113
RVR,52488.0,33076.0,19412.0,9926.0,6565.0,3633.0,5,Epsom And St Helier University Hospitals NHS Trust,NHS England London,63.01630848955952,Upper Middle Quartile,366.00846262341327
RVV,68119.0,36723.0,31396.0,18227.0,8536.0,5270.0,5,East Kent Hospitals University NHS Foundation Trust,NHS England South East,53.9100691437044,Bottom Quartile,289.13150820211774
RVW,25400.0,12455.0,12945.0,10706.0,610.0,20.0,5,North Tees And Hartlepool NHS Foundation Trust,NHS England North East And Yorkshire,49.03543307086614,Bottom Quartile,1.8681113394358304
RWA,51153.0,25256.0,25897.0,18990.0,6105.0,1664.0,5,Hull University Teaching Hospitals NHS Trust,NHS England North East And Yorkshire,49.37344828260317,Bottom Quartile,87.62506582411795
RWD,89962.0,63272.0,26690.0,24240.0,8618.0,5005.0,5,United Lincolnshire Teaching Hospitals NHS Trust,NHS England Midlands,70.33191792089994,Top Quartile,206.47689768976898
RWE,114593.0,70383.0,44210.0,33876.0,9794.0,4189.0,5,University Hospitals Of Leicester NHS Trust,NHS England Midlands,61.41998202333476,Upper Middle Quartile,123.65686621797143
RWF,99777.0,75679.0,24098.0,11266.0,6105.0,1307.0,5,Maidstone And Tunbridge Wells NHS Trust,NHS England South East,75.84814135522214,Top Quartile,116.01278182140955
RWG,41723.0,31756.0,9967.0,25173.0,3357.0,122.0,5,West Hertfordshire Teaching Hospitals NHS Trust,NHS England East Of England,76.11149725571028,Top Quartile,4.846462479640885
RWH,45156.0,23661.0,21495.0,11249.0,2511.0,746.0,5,East And North Hertfordshire Teaching NHS Trust,NHS England East Of England,52.39835237842147,Bottom Quartile,66.31700595608498
RWJ,43028.0,26159.0,16869.0,13311.0,3918.0,1094.0,5,Stockport NHS Foundation Trust,NHS England North West,60.7952960862694,Lower Middle Quartile,82.18766433776575
RWP,74137.0,41344.0,32793.0,16127.0,9091.0,4510.0,5,Worcestershire Acute Hospitals NHS Trust,NHS England Midlands,55.76702591148819,Lower Middle Quartile,279.65523655980655
RWW,36275.0,19975.0,16300.0,9028.0,6848.0,4165.0,5,North Cheshire And Mersey NHS Foundation Trust,NHS England North West,55.065472088215024,Lower Middle Quartile,461.3424900310146
RWY,81416.0,69501.0,11915.0,14515.0,5653.0,251.0,5,Calderdale And Huddersfield NHS Foundation Trust,NHS England North East And Yorkshire,85.36528446497003,Top Quartile,17.292456079917326
RX1,64801.0,28264.0,36537.0,23924.0,5611.0,4814.0,5,Nottingham University Hospitals NHS Trust,NHS England Midlands,43.61661085477076,Bottom Quartile,201.22053168366494
RXC,59671.0,39499.0,20172.0,12837.0,2321.0,1098.0,5,East Sussex Healthcare NHS Trust,NHS England South East,66.19463390926916,Upper Middle Quartile,85.53400327179247
RXF,85542.0,53456.0,32086.0,17695.0,11591.0,1617.0,5,Mid Yorkshire Teaching NHS Trust,NHS England North East And Yorkshire,62.490940122980525,Upper Middle Quartile,91.38174625600452
RXK,59414.0,34056.0,25358.0,13299.0,5172.0,1569.0,5,Sandwell And West Birmingham Hospitals NHS Trust,NHS England Midlands,57.31982361059683,Lower Middle Quartile,117.97879539815024
RXL,45427.0,25429.0,19998.0,9174.0,4561.0,1809.0,5,Blackpool Teaching Hospitals NHS Foundation Trust,NHS England North West,55.9777224998349,Lower Middle Quartile,197.18770438194898
RXN,64093.0,42609.0,21484.0,16312.0,7102.0,1805.0,5,Lancashire Teaching Hospitals NHS Foundation Trust,NHS England North West,66.47995880985442,Upper Middle Quartile,110.65473271211378
RXP,64212.0,37438.0,26774.0,20887.0,8698.0,129.0,5,County Durham And Darlington NHS Foundation Trust,NHS England North East And Yorkshire,58.30374384850184,Lower Middle Quartile,6.176090391152392
RXQ,47603.0,30203.0,17400.0,22675.0,2120.0,986.0,5,Buckinghamshire Healthcare NHS Trust,NHS England South East,63.44768186878978,Upper Middle Quartile,43.48401323042999
RXR,70666.0,47295.0,23371.0,20160.0,6149.0,4669.0,5,East Lancashire Hospitals NHS Trust,NHS England North West,66.92751818413382,Top Quartile,231.59722222222223
RXW,57944.0,26146.0,31798.0,18864.0,9147.0,5845.0,5,The Shrewsbury And Telford Hospital NHS Trust,NHS England Midlands,45.122877260803534,Bottom Quartile,309.84944868532654
RYJ,61122.0,36235.0,24887.0,18532.0,2874.0,0.0,5,Imperial College Healthcare NHS Trust,NHS England London,59.283073197866564,Lower Middle Quartile,0.0
RYR,150239.0,89713.0,60526.0,41950.0,8731.0,4786.0,5,University Hospitals Sussex NHS Foundation Trust,NHS England South East,59.71352311982907,Lower Middle Quartile,114.08820023837902
