reporting_month,region,total_attendances,attendances_under_4h,attendances_over_4h,four_hour_performance_pct
2026-04-01,NHS England East Of England,239716.0,184119.0,55597.0,76.81
2026-04-01,NHS England London,412245.0,328522.0,83723.0,79.69
2026-04-01,NHS England Midlands,431260.0,325080.0,106180.0,75.38
2026-04-01,NHS England North East And Yorkshire,367977.0,288145.0,79832.0,78.31
2026-04-01,NHS England North West,330671.0,247681.0,82990.0,74.9
2026-04-01,NHS England South East,354511.0,277866.0,76645.0,78.38
2026-04-01,NHS England South West,208949.0,152374.0,56575.0,72.92
2026-05-01,NHS England East Of England,246706.0,186518.0,60188.0,75.6
2026-05-01,NHS England London,433573.0,338405.0,95168.0,78.05
2026-05-01,NHS England Midlands,452330.0,337018.0,115312.0,74.51
2026-05-01,NHS England North East And Yorkshire,384336.0,294379.0,89957.0,76.59
2026-05-01,NHS England North West,343801.0,254116.0,89685.0,73.91
2026-05-01,NHS England South East,374630.0,289634.0,84996.0,77.31
2026-05-01,NHS England South West,222022.0,160005.0,62017.0,72.07
2026-06-01,NHS England East Of England,243657.0,182893.0,60764.0,75.06
2026-06-01,NHS England London,428463.0,332328.0,96135.0,77.56
2026-06-01,NHS England Midlands,446412.0,328525.0,117887.0,73.59
2026-06-01,NHS England North East And Yorkshire,385945.0,294155.0,91790.0,76.22
2026-06-01,NHS England North West,342577.0,249639.0,92938.0,72.87
2026-06-01,NHS England South East,370501.0,285152.0,85349.0,76.96
2026-06-01,NHS England South West,220351.0,156297.0,64054.0,70.93
2026-07-01,NHS England East Of England,249376.0,185181.0,64195.0,74.26
2026-07-01,NHS England London,434341.0,336952.0,97389.0,77.58
2026-07-01,NHS England Midlands,452898.0,336181.0,116717.0,74.23
2026-07-01,NHS England North East And Yorkshire,391387.0,299009.0,92378.0,76.4
2026-07-01,NHS England North West,346379.0,256312.0,90067.0,74.0
2026-07-01,NHS England South East,382459.0,295218.0,87241.0,77.19
2026-07-01,NHS England South West,230740.0,166148.0,64592.0,72.01
2026-08-01,NHS England East Of England,237241.0,176333.0,60908.0,74.33
2026-08-01,NHS England London,408223.0,318690.0,89533.0,78.07
2026-08-01,NHS England Midlands,429551.0,315198.0,114353.0,73.38
2026-08-01,NHS England North East And Yorkshire,364578.0,279182.0,85396.0,76.58
2026-08-01,NHS England North West,325519.0,238828.0,86691.0,73.37
2026-08-01,NHS England South East,358477.0,272078.0,86399.0,75.9
2026-08-01,NHS England South West,219370.0,157883.0,61487.0,71.97
